<?xml version="1.0" encoding="UTF-8"?>

<?xml-model href="gaydos_9-24_Relax_03_schema.rnc" type="application/relax-ng-compact-syntax"?>
<root>
    <metadata>
        <title>The Land Ethic</title>
        <author>by Aldo Leopold</author>
        <date>1949</date>
        <source>This essay is excerpted from Aldo Leopold's book A Sand County Almanac.</source>
    </metadata>
    <p><ref type="The Odyssey">When <desc sub="Odysseus">god-like</desc> Odysseus returned from the
            wars in Troy,</ref> he hanged all on one rope a dozen slave-girls of his household whom
        he suspected of misbehavior during his absence.</p>
    <p>This hanging involved no question of propriety. The girls were property. The disposal of
        property was then, as now, a matter of expediency, not of right and wrong.</p>
    <p>Concepts of right and wrong were not lacking from Odysseus' Greece: witness the fidelity of
        his wife through the long years before at last his <desc sub="galleys">black-prowed</desc>
        galleys clove the wine-dark seas for home. The ethical structure of that day covered wives,
        but had not yet been extended to human chattels. <thesis>During the three thousand years
        which have since elapsed, ethical criteria have been extended to many fields of conduct,
        with corresponding shrinkages in those judged by expediency only.</thesis>
    </p>
</root>
